Point_ID,Date,latitude,longitude,Elevation_m,Slope,Aspect,Roughness,VV_500m,VH_500m,Angle_500m,CR=VH/VV,RVI,RPI=VV/VH,NDPI=(VV-VH)/(VV+VH),MPI,Observed_SM
11,2021-01-15,31.6,76.85,1082,15.3882,350.676,9.368979548,-8.84604,-14.590389,41.43381,0.266418942,0.841487547,3.753486861,0.579256226,0.082593031,0.118
16,2021-01-15,31.6,76.87,870,15.1313,74.8989,6.789607163,-9.097339,-15.603292,41.433815,0.223565456,0.730865537,4.472962941,0.634567231,0.075311849,0.214
20,2021-01-15,31.6,76.89,831,8.61175,97.6961,3.832930736,-9.058763,-15.005294,41.433792,0.254300316,0.810971066,3.932358462,0.594514467,0.077892427,0.23
75,2021-01-15,31.62,76.91,891,15.3369,164.745,6.584681062,-10.108547,-15.632543,41.43382,0.280285351,0.875696502,3.567792597,0.562151749,0.062434132,0.188
86,2021-01-15,31.68,76.87,1285,24.1803,90.0,12.34783932,-9.55352,-15.115099,41.433807,0.277870281,0.869791825,3.598801559,0.565104088,0.07081166,0.094
87,2021-01-15,31.68,76.89,938,6.05374,186.34,4.991350543,-9.067009,-16.045277,41.433807,0.200527159,0.668130353,4.986855681,0.665934823,0.074411677,0.137
88,2021-01-15,31.66,76.87,1228,20.3249,194.036,8.916623399,-7.5204844,-14.475546,41.43381,0.201601538,0.671109453,4.96027963,0.664445274,0.106336421,0.121
89,2021-01-15,31.66,76.89,915,13.6508,164.055,6.308919807,-8.993919,-14.887496,41.433804,0.257420008,0.818883131,3.884701918,0.590558435,0.079260804,0.187
90,2021-01-15,31.64,76.87,1086,33.5491,64.6871,17.0431551,-8.776151,-14.269531,41.4338,0.28226823,0.880527875,3.542729552,0.559736062,0.084983338,0.047
91,2021-01-15,31.64,76.89,805,6.91042,273.814,3.16227766,-9.614695,-15.7998705,41.433807,0.240703525,0.7760227,4.154488393,0.61198865,0.067790451,0.149
92,2021-01-15,31.62,76.87,1095,24.2676,62.049,11.43850979,-10.014349,-15.466774,41.43381,0.284942677,0.887020665,3.509477804,0.556489668,0.064035213,0.118
93,2021-01-15,31.62,76.89,840,16.5525,57.4074,8.164965809,-9.728259,-16.84916,41.433807,0.194048326,0.650051833,5.153355465,0.674974083,0.063557383,0.064
96,2021-01-15,31.66,76.85,1138,11.5972,202.62,9.178611746,-9.513499,-16.045559,41.433804,0.222225555,0.727281652,4.499932507,0.636359174,0.068355185,0.136
97,2021-01-15,31.64,76.85,1442,20.496,358.727,9.126004088,-9.793834,-14.15032,41.433807,0.36673419,1.073315331,2.726770582,0.463342335,0.071658987,0.204
98,2021-01-15,31.62,76.85,1012,18.5214,186.34,8.403409067,-7.9684525,-14.702659,41.4338,0.212118892,0.699993684,4.714337278,0.650003158,0.096754233,0.1
21,2021-01-27,31.56,76.91,845,0.472541,45.0,0.314269681,-9.181022,-16.561255,41.436947,0.182800214,0.618194728,5.470453112,0.690902636,0.071413316,0.062
22,2021-01-27,31.58,76.91,793,0.0,-1.0,0.0,-8.412539,-17.007883,41.43405,0.138186495,0.485637442,7.236597203,0.757181279,0.082021845,0.124
26,2021-01-27,31.52,76.91,1260,24.9985,75.3581,11.87694104,-11.690082,-17.197517,41.43745,0.281356207,0.878307547,3.554213401,0.560846227,0.043414188,0.186
27,2021-01-27,31.5,76.91,1505,12.0191,101.31,6.0,-7.375909,-14.292031,41.437466,0.20341726,0.676132101,4.916003688,0.66193395,0.110102034,0.244
28,2021-01-27,31.58,76.93,779,0.71518,341.565,0.471404521,-9.611316,-16.66488,41.43406,0.197080475,0.658537096,5.074069366,0.670731452,0.065457852,0.174
29,2021-01-27,31.56,76.93,794,0.774049,71.565,0.41573971,-10.720522,-16.435904,41.437458,0.268201869,0.845928004,3.728534792,0.577035998,0.053716313,0.09
30,2021-01-27,31.54,76.93,886,23.7798,270.526,10.56315516,-10.504342,-16.828032,41.437473,0.233147627,0.75626834,4.28912793,0.62186583,0.054897286,0.132
32,2021-01-27,31.5,76.93,976,6.67378,39.2894,5.173531879,-7.80219,-14.446314,41.43746,0.216564666,0.712053118,4.617558434,0.643973441,0.100898847,0.06
33,2021-01-27,31.48,76.93,1363,36.4948,307.435,17.02938637,-6.6306996,-15.610155,41.437454,0.126489495,0.449145761,7.905794841,0.77542712,0.122356541,0.044
34,2021-01-27,31.46,76.93,1709,33.6896,42.5319,16.97565432,-6.5242596,-11.839942,41.437454,0.294057161,0.908946436,3.400699363,0.545526782,0.144044773,0.057
35,2021-01-27,31.56,76.95,824,3.46793,298.301,1.699673171,-10.977358,-16.61997,41.43746,0.272733697,0.857158722,3.666580294,0.571420639,0.050812639,0.09
36,2021-01-27,31.54,76.95,935,10.5086,3.81407,6.136311676,-9.093752,-17.16644,41.437447,0.155858754,0.53936955,6.416065664,0.730315225,0.07120321,0.099
37,2021-01-27,31.52,76.95,1097,4.73285,327.095,2.282515398,-9.672617,-16.412971,41.43745,0.211818847,0.699176606,4.721015214,0.650411697,0.065335017,0.09
40,2021-01-27,31.56,76.97,863,14.7623,263.853,6.712803319,-10.52907,-16.674034,41.43747,0.242942558,0.781830364,4.116199352,0.609084818,0.055019174,0.042
41,2021-01-27,31.54,76.97,1278,25.2623,272.961,11.77672951,-9.983834,-16.524738,41.437447,0.221773474,0.72607068,4.509105535,0.63696466,0.061316491,0.033
42,2021-01-27,31.52,76.97,1247,20.8168,320.194,8.719213919,-10.371723,-16.817116,41.43745,0.226704792,0.739231781,4.411022774,0.63038411,0.056303808,0.091
46,2021-01-27,31.6,76.93,768,0.0,-1.0,0.0,-9.961509,-17.415392,41.434063,0.179726327,0.60938312,5.564015101,0.69530844,0.059511429,0.129
47,2021-01-27,31.62,76.95,766,0.0,-1.0,0.0,-9.797161,-16.641441,41.434048,0.206810222,0.685477196,4.835350942,0.657261402,0.063225589,0.274
48,2021-01-27,31.6,76.95,814,3.03912,122.471,1.369869778,-10.393372,-17.329304,41.434055,0.202491501,0.673573164,4.938478871,0.663213418,0.054918014,0.153
49,2021-01-27,31.58,76.95,788,0.0,-1.0,0.0,-10.590571,-17.193531,41.434055,0.218627103,0.717617727,4.573998312,0.641191136,0.053184335,0.125
50,2021-01-27,31.62,76.97,836,12.7512,327.995,5.63279638,-10.447898,-16.210192,41.43406,0.265320374,0.838745282,3.769028314,0.580627359,0.05706643,0.048
51,2021-01-27,31.6,76.97,826,3.37754,303.69,2.114033066,-9.2263565,-16.426233,41.434063,0.19055149,0.640212513,5.247925366,0.679893743,0.071134869,0.129
103,2021-01-27,31.52,76.89,883,4.86769,291.801,2.806517987,-9.080612,-15.509741,41.437443,0.227555376,0.741491196,4.394534719,0.629254402,0.075849007,0.162
0,2021-02-08,31.55,76.81,1450,23.3056,180.0,12.19289411,-8.574583,-16.405577,40.679443,0.164778521,0.56587074,6.068752134,0.71706463,0.08086397,0.062
1,2021-02-08,31.56,76.82,1460,11.7117,102.171,5.328701693,-7.0599213,-16.197058,40.675446,0.121979354,0.43487201,8.198108655,0.782563995,0.11039839,0.049
3,2021-02-08,31.54,76.83,1313,26.1058,231.71,11.80499999,-9.331131,-16.854073,40.679436,0.176891026,0.60121463,5.653198044,0.699392685,0.06864251,0.111
4,2021-02-08,31.56,76.83,1424,26.4181,331.955,12.22727168,-9.1691675,-15.697529,40.675446,0.222414886,0.727788538,4.496101946,0.636105731,0.074006844,0.104
5,2021-02-08,31.58,76.83,1309,9.14347,0.0,5.173531879,-8.336461,-16.452705,40.67545,0.154303437,0.534706671,6.480737039,0.732646664,0.0846533,0.07
6,2021-02-08,31.6,76.83,1241,14.3266,188.13,9.429399782,-9.194175,-16.173378,40.67545,0.200483991,0.668010545,4.987929426,0.665994727,0.072261817,0.077
7,2021-02-08,31.52,76.85,1071,10.2462,46.8476,4.898979486,-8.17583,-13.061646,40.67943,0.324652237,0.980339528,3.080219032,0.509830236,0.10080658,0.128
8,2021-02-08,31.54,76.85,1065,6.23774,8.74616,3.370166864,-9.512245,-16.133745,40.67943,0.217695775,0.715107268,4.593566416,0.642446366,0.068121516,0.064
9,2021-02-08,31.56,76.85,1088,7.68065,84.8056,3.527668415,-9.465382,-15.38176,41.055492,0.256072063,0.815469336,3.905150718,0.592265332,0.071030744,0.032
10,2021-02-08,31.58,76.85,1097,26.1622,350.38,13.34536494,-9.068826,-12.359949,41.43393,0.468692172,1.276488514,2.133596548,0.361755743,0.090995137,0.122
12,2021-02-08,31.52,76.87,968,5.81615,180.0,3.16227766,-10.008651,-16.73344,41.437305,0.212579362,0.701246843,4.704125504,0.649376579,0.060508317,0.086
13,2021-02-08,31.54,76.87,895,13.0123,232.306,7.607663453,-9.227485,-16.24265,41.43731,0.198830727,0.663415518,5.029403735,0.668292241,0.071610939,0.07
14,2021-02-08,31.56,76.87,884,15.6949,45.0,6.827685109,-9.702662,-15.80954,41.433937,0.245082443,0.787361332,4.080259645,0.606319334,0.066665619,0.116
15,2021-02-08,31.58,76.87,860,6.89836,166.43,3.247030932,-9.406,-16.110378,41.433933,0.213580796,0.703968937,4.682068896,0.648015532,0.069572675,0.156
17,2021-02-08,31.54,76.89,834,1.92334,324.462,2.216659705,-7.4679756,-15.432349,41.43731,0.159794806,0.551114061,6.258025666,0.724442969,0.103885182,0.281
18,2021-02-08,31.56,76.89,808,0.763691,18.4349,0.41573971,-9.413253,-15.88614,41.43419,0.225274119,0.735424394,4.439036336,0.632287803,0.070125822,0.375
19,2021-02-08,31.58,76.89,801,6.72631,81.8699,3.464101615,-10.264387,-16.018152,41.433937,0.265841941,0.840047822,3.761633678,0.579976089,0.059553979,0.111
23,2021-02-08,31.6,76.91,775,0.0,-1.0,0.0,-9.515375,-16.421202,41.433926,0.203900035,0.677465002,4.904364047,0.661267499,0.067301219,0.106
45,2021-02-08,31.62,76.93,852,20.9211,304.695,9.475113602,-10.203533,-15.552406,41.433926,0.291818419,0.90358959,3.426788494,0.548205205,0.061633691,0.096
68,2021-02-08,31.74,76.89,1085,12.5612,122.8,6.091888961,-10.030922,-15.605665,41.43393,0.277029297,0.867730436,3.609726519,0.566134782,0.063398454,0.074
69,2021-02-08,31.72,76.89,1177,13.4302,86.0548,7.211102551,-10.02264,-16.01097,41.43393,0.251864524,0.804766072,3.970388461,0.597616964,0.062267773,0.044
70,2021-02-08,31.7,76.89,1067,4.17517,83.6598,2.131480677,-8.885823,-15.333223,41.433933,0.226600049,0.738953335,4.413061706,0.630523332,0.079266682,0.051
72,2021-02-08,31.68,76.91,1001,21.033,117.387,10.28243138,-8.52111,-15.577745,41.433926,0.196941164,0.658148186,5.07765863,0.670925907,0.084126304,0.086
73,2021-02-08,31.66,76.91,964,13.1012,272.045,6.020540971,-9.4175205,-16.336472,41.43392,0.203284773,0.675766129,4.919207589,0.662116935,0.068799673,0.124
74,2021-02-08,31.64,76.91,975,23.708,289.113,11.53523855,-7.9811883,-15.521402,41.43393,0.176188935,0.599185827,5.675725328,0.700407087,0.093611297,0.099
76,2021-02-08,31.68,76.93,1069,34.1538,14.5345,17.05184542,-7.1758842,-13.933812,41.433926,0.21096345,0.69684498,4.740157586,0.65157751,0.116014593,0.056
77,2021-02-08,31.66,76.93,1125,14.5895,317.545,6.562143582,-8.637294,-15.476158,41.43393,0.207068291,0.686185837,4.829324631,0.656907082,0.082598554,0.1
84,2021-02-08,31.72,76.87,1482,19.156,59.5002,8.125557911,-9.325722,-17.37903,41.43393,0.156555814,0.541455283,6.387498336,0.729272359,0.06754052,0.102
85,2021-02-08,31.7,76.87,1497,13.1027,129.289,6.494061865,-8.260571,-16.118683,41.43393,0.163752825,0.562844003,6.10676489,0.718577998,0.086850766,0.086
94,2021-02-08,31.7,76.85,1754,35.2712,113.629,18.09713162,-5.8602767,-10.940622,41.43393,0.310431276,0.947569801,3.221324903,0.526215099,0.169963859,0.074
95,2021-02-08,31.68,76.85,1488,21.7132,31.569,11.12554618,-7.6583905,-14.549499,41.433926,0.204592237,0.679374249,4.887770997,0.660312875,0.103269248,0.066
99,2021-02-08,31.66,76.83,1512,7.94741,132.614,4.540625943,-8.598749,-14.114433,40.675457,0.280822305,0.877006292,3.560970698,0.561496854,0.088426816,0.06
100,2021-02-08,31.64,76.83,1569,21.7768,69.0442,12.68419839,-9.681736,-13.98713,40.675453,0.371074063,1.082579193,2.694879806,0.458710403,0.073766184,0.044
101,2021-02-08,31.62,76.83,1238,6.36943,201.038,2.98142397,-8.6075115,-15.941977,40.67545,0.184736814,0.62372271,5.41310623,0.688138645,0.081628297,0.076
102,2021-02-08,31.64,76.82,1678,23.3411,334.654,11.55662388,-7.9350653,-16.219154,40.675446,0.148453735,0.517056041,6.736105339,0.741471979,0.092379792,0.046
53,2021-03-04,31.65,76.98,1244,27.271,219.226,10.7393358,-8.962695,-16.178486,42.16215,0.189854502,0.63824443,5.267191399,0.680877785,0.075543023,0.038
54,2021-03-04,31.64,76.99,1200,21.2313,289.933,10.18834968,-9.677088,-15.429846,42.162155,0.265903589,0.840201708,3.760761567,0.579899146,0.06818076,0.015
78,2021-03-04,31.64,76.93,857,24.1072,216.027,11.60885145,-8.264763,-14.684571,41.43352,0.228044289,0.742788484,4.385113109,0.628605758,0.091560411,0.035
79,2021-03-04,31.68,76.95,822,21.2937,241.294,10.01603652,-7.468651,-14.871616,41.43353,0.181845894,0.615463979,5.499161826,0.69226801,0.105843881,0.044
80,2021-03-04,31.66,76.95,773,9.79746,223.025,5.291502622,-10.082211,-16.685375,41.433514,0.218616834,0.717590067,4.57421317,0.641204967,0.059788282,0.071
81,2021-03-04,31.64,76.95,763,0.428816,270.0,0.314269681,-11.347303,-17.031652,41.4335,0.270125199,0.850704165,3.701987091,0.574647918,0.046567855,0.151
82,2021-03-04,31.66,76.97,978,20.5652,280.081,9.626352719,-9.87733,-15.949211,41.663692,0.247065383,0.792469702,4.04751158,0.603765149,0.064139597,0.036
83,2021-03-04,31.64,76.97,954,25.8602,329.708,11.73787791,-10.987719,-17.080976,41.433525,0.245852314,0.789346574,4.067482565,0.605326713,0.049620903,0.01
25,2021-03-16,31.54,76.91,887,3.43188,265.601,1.422916497,-8.263496,-16.246412,41.437622,0.159114002,0.549088362,6.284802,0.725455819,0.086446329,0.056
31,2021-03-16,31.52,76.93,1017,19.161,42.1376,8.148316497,-9.36166,-16.290045,41.43762,0.202843689,0.674547128,4.929904427,0.662726436,0.069664768,0.05
38,2021-03-16,31.5,76.95,1189,12.0602,319.635,2.739739557,-8.817684,-14.467282,41.437614,0.272295334,0.856075872,3.67248305,0.571962064,0.083519818,0.047
43,2021-03-16,31.5,76.97,1285,20.123,59.6973,9.007541422,-8.864882,-15.422016,41.43761,0.220946232,0.723852456,4.525988019,0.638073772,0.079282684,0.089
44,2021-03-16,31.48,76.97,1501,31.5996,295.887,14.70449667,-8.492062,-15.803251,41.437626,0.18572959,0.626549566,5.384171688,0.686725217,0.083897585,0.055
52,2021-03-16,31.58,76.97,895,15.0942,184.268,7.243558228,-10.752462,-15.170604,41.43425,0.361564514,1.062203107,2.765758145,0.468898447,0.057248225,0.072
55,2021-03-16,31.62,76.99,1321,39.0822,178.264,19.30905244,-6.7588634,-15.596437,42.162872,0.130690085,0.462337423,7.651689881,0.768831289,0.11924145,0.068
56,2021-03-16,31.6,76.99,1206,31.9663,291.523,15.44724195,,,,1.0,2.0,1.0,0.0,1.0,0.026
57,2021-03-16,31.58,76.99,1180,22.5171,342.277,11.61841875,-8.397205,-14.759522,42.162865,0.231083161,0.750828761,4.327446426,0.624585619,0.089030107,0.021
58,2021-03-16,31.56,76.99,1281,34.3564,284.534,17.24192421,-9.779337,-16.23119,41.49548,0.226367826,0.738335828,4.41758892,0.630832086,0.064514458,0.083
59,2021-03-16,31.54,76.99,1341,22.8166,261.552,10.09339107,-7.65681,-14.354622,41.437603,0.213903948,0.70484637,4.67499553,0.647576815,0.104105417,0.05
60,2021-03-16,31.52,76.99,1634,30.2019,183.601,14.14038957,-9.035976,-14.701561,41.437614,0.271294819,0.853601588,3.686026897,0.573199206,0.079363111,0.04
61,2021-03-16,31.5,76.99,1497,36.9419,198.041,12.59727582,-9.869589,-15.40842,41.43761,0.279329562,0.87336233,3.580000605,0.563318835,0.065916409,0.07
62,2021-03-16,31.48,76.99,1734,18.5275,332.819,7.133644853,-9.545822,-14.143739,41.43762,0.346903195,1.030224582,2.882648571,0.484887709,0.07476945,0.066
63,2021-03-16,31.52,77.01,2186,22.5248,176.035,9.226906441,-10.093557,-14.771949,42.19788,0.340534251,1.016115033,2.936562172,0.491942484,0.065598245,0.102
64,2021-03-16,31.5,77.01,1943,37.6876,206.565,13.42836504,-9.586344,-14.821166,42.197887,0.299583438,0.922090661,3.337968239,0.53895467,0.071472631,0.08
65,2021-03-16,31.48,77.01,1803,6.22818,324.462,2.449489743,-8.984591,-15.858505,42.09436,0.20540386,0.681610094,4.868457689,0.659194953,0.076145367,0.141
66,2021-03-16,31.5,77.03,2396,38.4402,204.734,16.80020576,-7.388567,-14.948674,42.197887,0.175383729,0.596856073,5.7017832,0.701571964,0.107224241,0.033
67,2021-03-16,31.48,77.03,2233,35.9072,239.37,16.97056275,-7.1627183,-14.348213,42.197887,0.191183554,0.641995276,5.230575437,0.679002362,0.114466094,0.12
11,2021-04-09,31.6,76.85,1082,15.3882,350.676,9.368979548,-9.538365,-14.643585,41.440403,0.308658329,0.943434422,3.23982834,0.528282789,0.07277124,0.068
16,2021-04-09,31.6,76.87,870,15.1313,74.8989,6.789607163,-9.021918,-15.882235,41.44038,0.206047951,0.683382284,4.853239236,0.658308858,0.075534051,0.075
20,2021-04-09,31.6,76.89,831,8.61175,97.6961,3.832930736,-8.82086,-15.310104,41.440407,0.224427256,0.733166483,4.455786773,0.633416759,0.08031876,0.061
75,2021-04-09,31.62,76.91,891,15.3369,164.745,6.584681062,-9.9448185,-15.449204,41.44039,0.281553837,0.878788947,3.551718603,0.560605526,0.064897058,0.07
86,2021-04-09,31.68,76.87,1285,24.1803,90.0,12.34783932,-9.511956,-14.775364,41.440395,0.297618004,0.917428714,3.36001178,0.541285643,0.072597433,0.132
87,2021-04-09,31.68,76.89,938,6.05374,186.34,4.991350543,-8.504538,-15.911731,41.440407,0.181668947,0.614957168,5.504518048,0.692521416,0.083370427,0.098
88,2021-04-09,31.66,76.87,1228,20.3249,194.036,8.916623399,-7.7629466,-14.257927,41.440403,0.224131016,0.732375908,4.46167611,0.633812046,0.102447944,0.109
89,2021-04-09,31.66,76.89,915,13.6508,164.055,6.308919807,-9.277778,-14.980923,41.440403,0.26895864,0.847809003,3.718043786,0.576095498,0.074927229,0.094
90,2021-04-09,31.64,76.87,1086,33.5491,64.6871,17.0431551,-8.588416,-13.693228,41.44041,0.308687327,0.943502151,3.239523987,0.528248925,0.090565815,0.079
91,2021-04-09,31.64,76.89,805,6.91042,273.814,3.16227766,-9.839752,-15.817818,41.440407,0.252460478,0.806286449,3.96101603,0.596856775,0.064976877,0.089
92,2021-04-09,31.62,76.87,1095,24.2676,62.049,11.43850979,-10.036509,-15.703588,41.44041,0.271201508,0.85337063,3.687295132,0.573314685,0.063027997,0.073
93,2021-04-09,31.62,76.89,840,16.5525,57.4074,8.164965809,-9.360965,-16.702116,41.4404,0.18445265,0.622912703,5.421445546,0.688543649,0.068610599,0.107
96,2021-04-09,31.66,76.85,1138,11.5972,202.62,9.178611746,-9.568501,-16.082113,41.4404,0.223171535,0.729812715,4.480858194,0.635093642,0.067547187,0.074
97,2021-04-09,31.64,76.85,1442,20.496,358.727,9.126004088,-8.872865,-13.592959,41.440407,0.337280008,1.008853812,2.964895562,0.495573094,0.086677396,0.189
98,2021-04-09,31.62,76.85,1012,18.5214,186.34,8.403409067,-8.205027,-14.721898,41.440403,0.223004127,0.729365084,4.484221948,0.635317458,0.092447512,0.067
0,2021-05-03,31.55,76.81,1450,23.3056,180.0,12.19289411,-7.709739,-16.334091,40.68515,0.137266576,0.482794724,7.285094673,0.758602638,0.096351478,0.16
1,2021-05-03,31.56,76.82,1460,11.7117,102.171,5.328701693,-6.458047,-15.408003,40.68118,0.127351598,0.451861153,7.852276791,0.774069423,0.127416212,0.227
3,2021-05-03,31.54,76.83,1313,26.1058,231.71,11.80499999,-8.315094,-16.067358,40.685154,0.167792908,0.574735149,5.959727463,0.712632426,0.086064973,0.191
4,2021-05-03,31.56,76.83,1424,26.4181,331.955,12.22727168,-8.244237,-15.973868,40.681175,0.168669633,0.577304751,5.928749486,0.711347624,0.087546354,0.215
5,2021-05-03,31.58,76.83,1309,9.14347,0.0,5.173531879,-7.8671546,-15.731958,40.681187,0.163500716,0.562099238,6.116181151,0.718950381,0.09506512,0.175
6,2021-05-03,31.6,76.83,1241,14.3266,188.13,9.429399782,-7.782728,-15.014534,40.68118,0.189155686,0.636268869,5.286650498,0.681865566,0.099068576,0.159
7,2021-05-03,31.52,76.85,1071,10.2462,46.8476,4.898979486,-7.9924726,-12.930202,40.68514,0.320794608,0.971520041,3.117259377,0.514239979,0.104847488,0.169
8,2021-05-03,31.54,76.85,1065,6.23774,8.74616,3.370166864,-8.588463,-15.890554,40.68514,0.186119081,0.627657321,5.372904236,0.686171339,0.082082769,0.243
9,2021-05-03,31.56,76.85,1088,7.68065,84.8056,3.527668415,-8.260852,-15.175954,40.91441,0.203465041,0.676264067,4.914849233,0.661867966,0.089808674,0.189
10,2021-05-03,31.58,76.85,1097,26.1622,350.38,13.34536494,-7.7696247,-12.791407,41.279392,0.314645678,0.957355074,3.178178095,0.521322463,0.109854095,0.198
12,2021-05-03,31.52,76.87,968,5.81615,180.0,3.16227766,-8.137776,-16.476427,41.442947,0.146600314,0.511426038,6.821267799,0.744286981,0.088024681,0.253
13,2021-05-03,31.54,76.87,895,13.0123,232.306,7.607663453,-8.123449,-15.26355,41.44294,0.193192339,0.647648606,5.176188696,0.676175697,0.091904243,0.224
14,2021-05-03,31.56,76.87,884,15.6949,45.0,6.827685109,-8.567125,-15.762572,41.439587,0.190745939,0.640761165,5.242575577,0.679619417,0.082808823,0.36
15,2021-05-03,31.58,76.87,860,6.89836,166.43,3.247030932,-7.6102962,-15.855177,41.439594,0.149800037,0.521134222,6.675565784,0.739432889,0.099669597,0.229
17,2021-05-03,31.54,76.89,834,1.92334,324.462,2.216659705,-6.2412243,-14.656905,41.44294,0.144023026,0.503566877,6.943334209,0.748216562,0.135919679,0.353
18,2021-05-03,31.56,76.89,808,0.763691,18.4349,0.41573971,-7.637308,-14.35313,41.439754,0.213018734,0.702441696,4.694422784,0.648779152,0.104497695,0.346
19,2021-05-03,31.58,76.89,801,6.72631,81.8699,3.464101615,-8.554516,-14.94628,41.439594,0.22952162,0.746702184,4.356888041,0.626648908,0.085754037,0.22
23,2021-05-03,31.6,76.91,775,0.0,-1.0,0.0,-7.1227303,-14.66703,41.439587,0.176023248,0.598706695,5.681067769,0.700646653,0.11405462,0.299
45,2021-05-03,31.62,76.93,852,20.9211,304.695,9.475113602,-8.539083,-14.782382,41.439587,0.237503547,0.767686032,4.210463433,0.616156984,0.086618001,0.268
68,2021-05-03,31.74,76.89,1085,12.5612,122.8,6.091888961,-9.567467,-15.44855,41.439587,0.258161633,0.820758244,3.873542274,0.589620878,0.069495989,0.121
69,2021-05-03,31.72,76.89,1177,13.4302,86.0548,7.211102551,-9.395274,-15.936665,41.439594,0.221748607,0.726004042,4.509611196,0.636997979,0.07021412,0.164
70,2021-05-03,31.7,76.89,1067,4.17517,83.6598,2.131480677,-8.562533,-15.280769,41.439587,0.212900362,0.702119873,4.697032876,0.648940063,0.084438757,0.129
72,2021-05-03,31.68,76.91,1001,21.033,117.387,10.28243138,-7.457085,-14.777595,41.43959,0.185331397,0.62541631,5.39573982,0.687291845,0.106439124,0.133
73,2021-05-03,31.66,76.91,964,13.1012,272.045,6.020540971,-8.441123,-16.200146,41.439594,0.167531972,0.573969624,5.969009911,0.713015188,0.083584642,0.144
74,2021-05-03,31.64,76.91,975,23.708,289.113,11.53523855,-6.334716,-15.058441,41.43959,0.134161375,0.473165028,7.453710142,0.763417486,0.131878275,0.213
76,2021-05-03,31.68,76.93,1069,34.1538,14.5345,17.05184542,-7.068903,-14.361513,41.439583,0.186525838,0.628813405,5.361187545,0.685593298,0.11650831,0.245
77,2021-05-03,31.66,76.93,1125,14.5895,317.545,6.562143582,-7.363056,-14.481104,41.439598,0.194175843,0.65040955,5.149971196,0.674795225,0.109580351,0.187
84,2021-05-03,31.72,76.87,1482,19.156,59.5002,8.125557911,-8.996862,-17.241459,41.439587,0.149809826,0.52116384,6.675129568,0.73941808,0.072428555,0.121
85,2021-05-03,31.7,76.87,1497,13.1027,129.289,6.494061865,-8.329851,-15.663401,41.43959,0.184775761,0.623833698,5.411965258,0.688083151,0.087020398,0.167
94,2021-05-03,31.7,76.85,1754,35.2712,113.629,18.09713162,-4.562943,-10.10898,41.43959,0.27886647,0.872230141,3.585945626,0.563884929,0.223614986,0.147
95,2021-05-03,31.68,76.85,1488,21.7132,31.569,11.12554618,-7.117567,-14.409475,41.43959,0.186555991,0.628899074,5.360321025,0.685550463,0.115213015,0.17
99,2021-05-03,31.66,76.83,1512,7.94741,132.614,4.540625943,-6.598668,-13.816365,41.23427,0.189771198,0.638009051,5.269503533,0.680995474,0.130186711,0.219
100,2021-05-03,31.64,76.83,1569,21.7768,69.0442,12.68419839,-8.658076,-13.342137,40.68118,0.34009003,1.015125916,2.940397874,0.492437042,0.091263345,0.278
101,2021-05-03,31.62,76.83,1238,6.36943,201.038,2.98142397,-6.468481,-14.732683,40.681164,0.149135076,0.519121134,6.705330674,0.740439433,0.129566577,0.163
102,2021-05-03,31.64,76.82,1678,23.3411,334.654,11.55662388,-6.461229,-14.817617,40.681175,0.146002805,0.509607148,6.849183472,0.745196426,0.129429354,0.258
53,2021-05-27,31.65,76.98,1244,27.271,219.226,10.7393358,-8.5221405,-16.432055,42.16966,0.161811189,0.557099779,6.180042333,0.72145011,0.081637841,0.234
54,2021-05-27,31.64,76.99,1200,21.2313,289.933,10.18834968,-10.118004,-16.335724,42.169674,0.238906519,0.771346393,4.185737606,0.614326803,0.060284844,0.176
78,2021-05-27,31.64,76.93,857,24.1072,216.027,11.60885145,-8.16618,-14.120603,41.44113,0.253838621,0.809796785,3.939510842,0.595101607,0.095629888,0.228
79,2021-05-27,31.68,76.95,822,21.2937,241.294,10.01603652,-7.525916,-14.782763,41.441113,0.188068171,0.633189829,5.317220862,0.683405085,0.105007366,0.236
80,2021-05-27,31.66,76.95,773,9.79746,223.025,5.291502622,-9.008298,-16.316498,41.441124,0.185857461,0.626913325,5.380467346,0.686543337,0.074502817,0.264
81,2021-05-27,31.64,76.95,763,0.428816,270.0,0.314269681,-8.929311,-15.500391,41.441135,0.220237871,0.721950617,4.540545165,0.639024692,0.078069861,0.262
82,2021-05-27,31.66,76.97,978,20.5652,280.081,9.626352719,-8.350393,-15.088686,41.57498,0.211919392,0.699450454,4.718775327,0.650274773,0.088594026,0.184
83,2021-05-27,31.64,76.97,954,25.8602,329.708,11.73787791,-10.131098,-16.608547,41.441128,0.225037606,0.734794117,4.443701724,0.632602942,0.059430533,0.114
25,2021-06-08,31.54,76.91,887,3.43188,265.601,1.422916497,-7.520683,-16.076292,41.44395,0.139456609,0.489554785,7.170689213,0.755222608,0.100832259,0.11
31,2021-06-08,31.52,76.93,1017,19.161,42.1376,8.148316497,-8.298101,-16.407635,41.44395,0.154542025,0.535422781,6.470731808,0.73228861,0.085421983,0.151
38,2021-06-08,31.5,76.95,1189,12.0602,319.635,2.739739557,-8.612572,-14.434401,41.443947,0.261708061,0.829694504,3.821051578,0.585152748,0.086830376,0.128
43,2021-06-08,31.5,76.97,1285,20.123,59.6973,9.007541422,-8.840924,-15.648728,41.443947,0.208554517,0.690261015,4.794909338,0.654869493,0.078912145,0.221
44,2021-06-08,31.48,76.97,1501,31.5996,295.887,14.70449667,-8.307281,-15.623206,41.44395,0.185527161,0.62597355,5.390046353,0.687013225,0.087529291,0.133
52,2021-06-08,31.58,76.97,895,15.0942,184.268,7.243558228,-9.917891,-15.383108,41.44058,0.284104623,0.884989019,3.519830093,0.557505491,0.065430662,0.142
55,2021-06-08,31.62,76.99,1321,39.0822,178.264,19.30905244,-8.502306,-11.054161,42.169125,0.555666865,1.428755416,1.79963943,0.285622292,0.109813569,0.104
56,2021-06-08,31.6,76.99,1206,31.9663,291.523,15.44724195,-8.211909,-14.941885,42.169125,0.21232562,0.700556405,4.709747237,0.649721797,0.091495216,0.07
57,2021-06-08,31.58,76.99,1180,22.5171,342.277,11.61841875,-8.087948,-15.258404,42.169117,0.19184673,0.643863761,5.212494383,0.678068119,0.09255409,0.124
58,2021-06-08,31.56,76.99,1281,34.3564,284.534,17.24192421,-9.447907,-15.640458,41.450573,0.240295092,0.774961034,4.161549838,0.612519483,0.070421347,0.226
59,2021-06-08,31.54,76.99,1341,22.8166,261.552,10.09339107,-6.6426506,-13.872133,41.443943,0.189256917,0.636555193,5.283822745,0.681722404,0.12881921,0.138
60,2021-06-08,31.52,76.99,1634,30.2019,183.601,14.14038957,-8.215629,-13.142452,41.443947,0.321601229,0.973368432,3.109440852,0.513315784,0.099656938,0.068
61,2021-06-08,31.5,76.99,1497,36.9419,198.041,12.59727582,-8.259041,-14.32687,41.44394,0.247296005,0.793062765,4.043736983,0.603468617,0.093118385,0.198
62,2021-06-08,31.48,76.99,1734,18.5275,332.819,7.133644853,-9.315091,-13.722828,41.443943,0.362431803,1.064073233,2.759139763,0.467963384,0.079758261,0.124
63,2021-06-08,31.52,77.01,2186,22.5248,176.035,9.226906441,-7.4178057,-14.465622,42.204136,0.197341475,0.659265478,5.067358496,0.670367261,0.108494435,0.238
64,2021-06-08,31.5,77.01,1943,37.6876,206.565,13.42836504,-8.601558,-15.195196,42.20414,0.219096883,0.718882597,4.564190892,0.640558701,0.084110928,0.124
65,2021-06-08,31.48,77.01,1803,6.22818,324.462,2.449489743,-8.405703,-14.72974,42.104286,0.233129,0.75621934,4.289470644,0.62189033,0.089003732,0.204
66,2021-06-08,31.5,77.03,2396,38.4402,204.734,16.80020576,-6.131319,-13.856422,42.204136,0.168845581,0.577819976,5.922571331,0.711090012,0.142427957,0.079
67,2021-06-08,31.48,77.03,2233,35.9072,239.37,16.97056275,-6.06333,-14.372574,42.204136,0.147596344,0.514453866,6.775235571,0.742773067,0.142045068,0.156
11,2021-07-02,31.6,76.85,1082,15.3882,350.676,9.368979548,-8.556314,-14.292196,41.4406,0.266938859,0.842783714,3.746176197,0.578608143,0.088327159,0.079
16,2021-07-02,31.6,76.87,870,15.1313,74.8989,6.789607163,-8.347045,-15.115978,41.44062,0.210429537,0.695387978,4.752184572,0.652306011,0.088553354,0.179
20,2021-07-02,31.6,76.89,831,8.61175,97.6961,3.832930736,-7.5315833,-14.430791,41.440617,0.204211046,0.678323112,4.896894753,0.660838444,0.106295354,0.086
75,2021-07-02,31.62,76.91,891,15.3369,164.745,6.584681062,-9.004973,-15.114214,41.440613,0.244949129,0.787017312,4.082480321,0.606491344,0.078275222,0.056
86,2021-07-02,31.68,76.87,1285,24.1803,90.0,12.34783932,-8.854708,-14.502397,41.44061,0.272415052,0.856371673,3.670869115,0.571814163,0.082818622,0.119
87,2021-07-02,31.68,76.89,938,6.05374,186.34,4.991350543,-7.144514,-15.140856,41.44061,0.158622869,0.547625541,6.304261219,0.72618723,0.111804865,0.174
88,2021-07-02,31.66,76.87,1228,20.3249,194.036,8.916623399,-6.946044,-13.529684,41.440617,0.219601853,0.720241126,4.553695641,0.639879437,0.123192333,0.228
89,2021-07-02,31.66,76.89,915,13.6508,164.055,6.308919807,-8.492918,-14.21274,41.440613,0.267927814,0.845246269,3.732348601,0.577376865,0.089695929,0.124
90,2021-07-02,31.64,76.87,1086,33.5491,64.6871,17.0431551,-8.0993595,-13.3162775,41.44059,0.300821034,0.925018973,3.32423563,0.537490514,0.10075152,0.099
91,2021-07-02,31.64,76.89,805,6.91042,273.814,3.16227766,-8.913935,-14.5585165,41.44061,0.272610042,0.856853343,3.668243444,0.571573329,0.081709368,0.132
92,2021-07-02,31.62,76.87,1095,24.2676,62.049,11.43850979,-9.009008,-14.57373,41.440605,0.277669258,0.869299332,3.601406964,0.565350334,0.080257874,0.189
93,2021-07-02,31.62,76.89,840,16.5525,57.4074,8.164965809,-8.094994,-15.737542,41.440613,0.172085865,0.587280746,5.811052512,0.706359627,0.090871989,0.17
96,2021-07-02,31.66,76.85,1138,11.5972,202.62,9.178611746,-8.7077,-15.416796,41.44061,0.213348896,0.703338988,4.687158071,0.648330506,0.081693162,0.132
97,2021-07-02,31.64,76.85,1442,20.496,358.727,9.126004088,-8.013827,-13.820939,41.44061,0.262596419,0.83192512,3.80812504,0.58403744,0.09973598,0.202
98,2021-07-02,31.62,76.85,1012,18.5214,186.34,8.403409067,-7.092373,-13.568314,41.440605,0.22511576,0.735002413,4.442159006,0.632498794,0.119649209,0.117
21,2021-07-14,31.56,76.91,845,0.472541,45.0,0.314269681,-7.309265,-13.68648,41.44127,0.230291814,0.748738831,4.342316751,0.625630584,0.114301423,0.284
22,2021-07-14,31.58,76.91,793,0.0,-1.0,0.0,-6.7923884,-14.227923,41.438423,0.180487255,0.61156867,5.540557419,0.694215665,0.123535696,0.128
26,2021-07-14,31.52,76.91,1260,24.9985,75.3581,11.87694104,-8.477109,-15.184048,41.441784,0.213454886,0.703626936,4.684830689,0.648186532,0.086155447,0.258
27,2021-07-14,31.5,76.91,1505,12.0191,101.31,6.0,-7.6256466,-13.80007,41.44178,0.241300188,0.777572388,4.144215589,0.611213806,0.107221571,0.186
28,2021-07-14,31.58,76.93,779,0.71518,341.565,0.471404521,-7.084195,-12.213776,41.438435,0.30693181,0.939396554,3.258052663,0.530301723,0.127880237,0.25
29,2021-07-14,31.56,76.93,794,0.774049,71.565,0.41573971,-7.718227,-13.687911,41.441772,0.252948204,0.807529643,3.953378536,0.596235179,0.105944989,0.216
30,2021-07-14,31.54,76.93,886,23.7798,270.526,10.56315516,-7.0860953,-14.345327,41.441788,0.187964931,0.632897239,5.320141336,0.683551381,0.116188754,0.195
32,2021-07-14,31.5,76.93,976,6.67378,39.2894,5.173531879,-6.452846,-13.73386,41.441784,0.187024542,0.63022974,5.346891852,0.68488513,0.134321367,0.171
33,2021-07-14,31.48,76.93,1363,36.4948,307.435,17.02938637,-4.9113865,-14.254313,41.441788,0.116334185,0.41684358,8.595925642,0.79157821,0.180146396,0.245
34,2021-07-14,31.46,76.93,1709,33.6896,42.5319,16.97565432,-6.270271,-11.80841,41.441788,0.279374073,0.873471111,3.579430217,0.563264444,0.150987311,0.078
35,2021-07-14,31.56,76.95,824,3.46793,298.301,1.699673171,-9.8288145,-14.869415,41.441788,0.313285251,0.954203212,3.19197918,0.522898394,0.068304233,0.236
36,2021-07-14,31.54,76.95,935,10.5086,3.81407,6.136311676,-7.4516964,-15.143564,41.441776,0.170142669,0.581613416,5.877420454,0.709193292,0.105205678,0.14
37,2021-07-14,31.52,76.95,1097,4.73285,327.095,2.282515398,-7.411874,-14.771488,41.44178,0.183670158,0.620680202,5.444542597,0.689659899,0.107402231,0.137
40,2021-07-14,31.56,76.97,863,14.7623,263.853,6.712803319,-7.5096936,-14.86466,41.441776,0.183866818,0.621241562,5.438719239,0.689379219,0.105027612,0.166
41,2021-07-14,31.54,76.97,1278,25.2623,272.961,11.77672951,-7.981181,-14.313942,41.441784,0.232661166,0.754988223,4.298095887,0.622505888,0.098106011,0.117
42,2021-07-14,31.52,76.97,1247,20.8168,320.194,8.719213919,-8.143923,-14.313811,41.44178,0.241552313,0.778226774,4.139889983,0.610886613,0.095179348,0.209
46,2021-07-14,31.6,76.93,768,0.0,-1.0,0.0,-7.768545,-14.431902,41.43843,0.215607717,0.709464784,4.638052924,0.645267608,0.101603566,0.215
47,2021-07-14,31.62,76.95,766,0.0,-1.0,0.0,-7.504639,-12.603532,41.438442,0.309108324,0.944485092,3.235111847,0.527757454,0.116273752,0.408
48,2021-07-14,31.6,76.95,814,3.03912,122.471,1.369869778,-8.140224,-13.174534,41.438427,0.313739355,0.955256015,3.187359133,0.522371992,0.100799137,0.338
49,2021-07-14,31.58,76.95,788,0.0,-1.0,0.0,-8.392929,-13.597939,41.438423,0.301646993,0.926970198,3.315133331,0.536514901,0.094225906,0.276
50,2021-07-14,31.62,76.97,836,12.7512,327.995,5.63279638,-7.8309875,-14.132734,41.438435,0.234328628,0.75937193,4.267511008,0.620314035,0.101695575,0.114
51,2021-07-14,31.6,76.97,826,3.37754,303.69,2.114033066,-6.8562098,-14.540058,41.43843,0.170457133,0.582531827,5.866577605,0.708734086,0.12069924,0.342
103,2021-07-14,31.52,76.89,883,4.86769,291.801,2.806517987,-7.0755596,-12.9321375,41.441784,0.25962243,0.824445242,3.851747328,0.587777379,0.123496438,0.307
53,2021-08-19,31.65,76.98,1244,27.271,219.226,10.7393358,-7.1729136,-14.099987,42.1689,0.202904958,0.674716508,4.928415786,0.662641746,0.115321414,0.122
54,2021-08-19,31.64,76.99,1200,21.2313,289.933,10.18834968,-7.092556,-14.380145,42.1689,0.186741611,0.629426352,5.354992908,0.685286824,0.115896568,0.18
78,2021-08-19,31.64,76.93,857,24.1072,216.027,11.60885145,-7.5686655,-14.12669,41.440342,0.220900933,0.723730901,4.526916147,0.63813455,0.106852301,0.115
79,2021-08-19,31.68,76.95,822,21.2937,241.294,10.01603652,-6.8085146,-13.420553,41.440353,0.218170567,0.716387582,4.583569702,0.641806209,0.127006704,0.295
80,2021-08-19,31.66,76.95,773,9.79746,223.025,5.291502622,-8.167468,-14.781052,41.44034,0.218092936,0.716178314,4.585201227,0.641910843,0.092876027,0.169
81,2021-08-19,31.64,76.95,763,0.428816,270.0,0.314269681,-8.753039,-14.523993,41.44035,0.264791842,0.837424255,3.7765514,0.581287872,0.084272361,0.313
82,2021-08-19,31.66,76.97,978,20.5652,280.081,9.626352719,-7.874329,-14.233591,41.60419,0.231245771,0.751257878,4.324403399,0.624371061,0.100434254,0.196
83,2021-08-19,31.64,76.97,954,25.8602,329.708,11.73787791,-8.993647,-15.705799,41.44035,0.213198822,0.702931186,4.690457444,0.648534407,0.076478134,0.125
25,2021-08-31,31.54,76.91,887,3.43188,265.601,1.422916497,-6.90521,-14.083228,41.442955,0.191512974,0.642923671,5.221578362,0.678538164,0.121492028,0.24
31,2021-08-31,31.52,76.93,1017,19.161,42.1376,8.148316497,-6.476962,-13.775655,41.442955,0.186264761,0.628071464,5.368702021,0.685964268,0.13349206,0.1
38,2021-08-31,31.5,76.95,1189,12.0602,319.635,2.739739557,-7.1732492,-13.507142,41.442955,0.232600541,0.754828618,4.299216145,0.622585691,0.118159172,0.165
43,2021-08-31,31.5,76.97,1285,20.123,59.6973,9.007541422,-8.231291,-14.004003,41.44296,0.264684677,0.837156271,3.778080437,0.581421865,0.09502178,0.225
44,2021-08-31,31.48,76.97,1501,31.5996,295.887,14.70449667,-7.2340817,-13.459703,41.44296,0.238472261,0.7702143,4.193359824,0.61489285,0.117070674,0.256
52,2021-08-31,31.58,76.97,895,15.0942,184.268,7.243558228,-8.104179,-14.298925,41.439594,0.240173673,0.774645288,4.163653689,0.612677356,0.09594771,0.217
55,2021-08-31,31.62,76.99,1321,39.0822,178.264,19.30905244,-5.6013002,-11.896878,42.16815,0.234661704,0.760246157,4.261453756,0.619876921,0.16997614,0.314
56,2021-08-31,31.6,76.99,1206,31.9663,291.523,15.44724195,-6.7886887,-14.278538,42.16815,0.178244062,0.605117624,5.61028508,0.697441188,0.123406034,0.151
57,2021-08-31,31.58,76.99,1180,22.5171,342.277,11.61841875,-7.2177405,-13.973484,42.16815,0.211069582,0.697134451,4.737774106,0.651432775,0.114911912,0.172
58,2021-08-31,31.56,76.99,1281,34.3564,284.534,17.24192421,-7.6057186,-14.183718,41.52939,0.219887256,0.721008454,4.547785158,0.639495773,0.105856575,0.206
59,2021-08-31,31.54,76.99,1341,22.8166,261.552,10.09339107,-6.040525,-12.140406,41.442955,0.245477618,0.788380664,4.073691154,0.605809668,0.154972069,0.188
60,2021-08-31,31.52,76.99,1634,30.2019,183.601,14.14038957,-7.054516,-12.43485,41.44295,0.289712077,0.898532571,3.451702841,0.550733714,0.127060679,0.134
61,2021-08-31,31.5,76.99,1497,36.9419,198.041,12.59727582,-7.436003,-13.976136,41.442963,0.221812849,0.726176187,4.508305107,0.636911906,0.110248932,0.395
62,2021-08-31,31.48,76.99,1734,18.5275,332.819,7.133644853,-8.298179,-13.315504,41.442955,0.314968774,0.958102672,3.174917905,0.520948664,0.097289852,0.244
63,2021-08-31,31.52,77.01,2186,22.5248,176.035,9.226906441,-7.3924026,-13.444496,42.20315,0.248193647,0.795369043,4.029112001,0.602315478,0.113765797,0.153
64,2021-08-31,31.5,77.01,1943,37.6876,206.565,13.42836504,-7.760241,-14.086792,42.203156,0.232994087,0.755864411,4.291954408,0.622067795,0.103254003,0.147
65,2021-08-31,31.48,77.01,1803,6.22818,324.462,2.449489743,-6.436024,-13.524374,42.105766,0.19550821,0.654142593,5.11487471,0.672928703,0.135806378,0.279
66,2021-08-31,31.5,77.03,2396,38.4402,204.734,16.80020576,-4.9625483,-12.711491,42.203144,0.167921278,0.575111631,5.955171458,0.712444185,0.186263923,0.185
67,2021-08-31,31.48,77.03,2233,35.9072,239.37,16.97056275,-5.973486,-12.373566,42.203156,0.229082545,0.745539984,4.365238732,0.627230008,0.155311086,0.312
11,2021-09-24,31.6,76.85,1082,15.3882,350.676,9.368979548,-8.128422,-13.427742,41.440605,0.295167135,0.911595506,3.387911055,0.544202247,0.099644566,0.301
16,2021-09-24,31.6,76.87,870,15.1313,74.8989,6.789607163,-6.984486,-12.902828,41.440613,0.255956286,0.815175779,3.906917135,0.59241211,0.125746506,0.248
20,2021-09-24,31.6,76.89,831,8.61175,97.6961,3.832930736,-6.564679,-13.137728,41.440617,0.220138042,0.721682415,4.54260422,0.639158792,0.13455848,0.311
75,2021-09-24,31.62,76.91,891,15.3369,164.745,6.584681062,-8.040016,-13.439829,41.440617,0.288415569,0.895411623,3.467219209,0.552294189,0.101163622,0.182
86,2021-09-24,31.68,76.87,1285,24.1803,90.0,12.34783932,-7.461829,-13.02079,41.440605,0.278037836,0.870202206,3.596632795,0.564898897,0.114638585,0.15
87,2021-09-24,31.68,76.89,938,6.05374,186.34,4.991350543,-6.4603205,-13.480386,41.440605,0.198606496,0.662791323,5.035082026,0.668604339,0.135398727,0.137
88,2021-09-24,31.66,76.87,1228,20.3249,194.036,8.916623399,-6.607179,-12.641688,41.440613,0.249200609,0.79795225,4.012831279,0.601023875,0.136421962,0.274
89,2021-09-24,31.66,76.89,915,13.6508,164.055,6.308919807,-7.875951,-12.79105,41.44061,0.322470581,0.975358048,3.101058078,0.512320976,0.107835293,0.171
90,2021-09-24,31.64,76.87,1086,33.5491,64.6871,17.0431551,-7.22137,-11.680861,41.440594,0.358138409,1.054792079,2.79221657,0.47260396,0.128758834,0.205
91,2021-09-24,31.64,76.89,805,6.91042,273.814,3.16227766,-7.0713606,-13.049637,41.440605,0.252448247,0.806255262,3.961207932,0.596872369,0.122911844,0.213
92,2021-09-24,31.62,76.87,1095,24.2676,62.049,11.43850979,-8.256283,-13.028959,41.44061,0.333221028,0.999747292,3.001011088,0.500126354,0.09959645,0.313
93,2021-09-24,31.62,76.89,840,16.5525,57.4074,8.164965809,-7.3756666,-13.820026,41.440605,0.226758753,0.739375211,4.409973096,0.630312394,0.112243838,0.246
96,2021-09-24,31.66,76.85,1138,11.5972,202.62,9.178611746,-7.881653,-13.63854,41.440605,0.265650905,0.839570861,3.764338764,0.580214569,0.103066763,0.246
97,2021-09-24,31.64,76.85,1442,20.496,358.727,9.126004088,-8.000214,-12.691957,41.44061,0.339488995,1.013786589,2.945603587,0.493106706,0.106142119,0.333
98,2021-09-24,31.62,76.85,1012,18.5214,186.34,8.403409067,-6.7195134,-12.651476,41.4406,0.255154798,0.813142088,3.919189474,0.593428956,0.133572162,0.297
21,2021-10-06,31.56,76.91,845,0.472541,45.0,0.314269681,-8.130606,-13.890186,41.44074,0.26548623,0.839159601,3.766673703,0.5804202,0.097312096,0.219
22,2021-10-06,31.58,76.91,793,0.0,-1.0,0.0,-7.582093,-14.116915,41.437885,0.222084271,0.726903294,4.502795257,0.636548353,0.106625691,0.238
26,2021-10-06,31.52,76.91,1260,24.9985,75.3581,11.87694104,-9.125924,-12.538208,41.44126,0.455797144,1.252364442,2.193958458,0.373817779,0.08901813,0.158
27,2021-10-06,31.5,76.91,1505,12.0191,101.31,6.0,-7.3264933,-13.265296,41.44127,0.254753248,0.812122219,3.925367026,0.59393889,0.116112507,0.25
28,2021-10-06,31.58,76.93,779,0.71518,341.565,0.471404521,-8.440794,-14.478794,41.43788,0.249000374,0.79743891,4.016058219,0.601280545,0.089423811,0.183
29,2021-10-06,31.56,76.93,794,0.774049,71.565,0.41573971,-8.065224,-14.158405,41.441257,0.245856616,0.789357661,4.067411386,0.605321169,0.097255835,0.199
30,2021-10-06,31.54,76.93,886,23.7798,270.526,10.56315516,-8.758971,-14.052334,41.441265,0.295572279,0.912561294,3.383267213,0.543719353,0.086205416,0.174
32,2021-10-06,31.5,76.93,976,6.67378,39.2894,5.173531879,-6.188581,-13.262245,41.441254,0.196170455,0.655994986,5.097607581,0.672002507,0.14384838,0.051
33,2021-10-06,31.48,76.93,1363,36.4948,307.435,17.02938637,-5.439859,-13.561572,41.441246,0.154109248,0.534123604,6.488903267,0.732938198,0.164903937,0.129
34,2021-10-06,31.46,76.93,1709,33.6896,42.5319,16.97565432,-5.8889985,-11.798457,41.441277,0.256480381,0.816504212,3.898933698,0.591747894,0.161892178,0.07
35,2021-10-06,31.56,76.95,824,3.46793,298.301,1.699673171,-9.679083,-15.067352,41.441257,0.289183227,0.897260284,3.458015217,0.551369858,0.069402698,0.302
36,2021-10-06,31.54,76.95,935,10.5086,3.81407,6.136311676,-7.544731,-14.176405,41.44126,0.217186387,0.713732553,4.604340149,0.643133724,0.107115912,0.3
37,2021-10-06,31.52,76.95,1097,4.73285,327.095,2.282515398,-7.649082,-14.640365,41.44127,0.199927115,0.666464197,5.001822778,0.666767901,0.103090031,0.183
40,2021-10-06,31.56,76.97,863,14.7623,263.853,6.712803319,-8.803436,-14.141634,41.441273,0.292536594,0.905310055,3.418375758,0.547344973,0.085127377,0.135
41,2021-10-06,31.54,76.97,1278,25.2623,272.961,11.77672951,-8.441021,-13.792535,41.441257,0.291641014,0.903164304,3.428873001,0.548417848,0.092471889,0.184
42,2021-10-06,31.52,76.97,1247,20.8168,320.194,8.719213919,-8.201752,-14.293352,41.441254,0.245946134,0.789588337,4.06593096,0.605205832,0.094252759,0.186
46,2021-10-06,31.6,76.93,768,0.0,-1.0,0.0,-8.850094,-15.037666,41.43788,0.240570738,0.775677615,4.156781533,0.612161193,0.080831779,0.284
47,2021-10-06,31.62,76.95,766,0.0,-1.0,0.0,-8.8035,-15.201783,41.437885,0.229177354,0.745791005,4.363432881,0.627104497,0.0809533,0.425
48,2021-10-06,31.6,76.95,814,3.03912,122.471,1.369869778,-9.399303,-14.733784,41.43788,0.292787074,0.905909659,3.415451322,0.547045171,0.07422782,0.248
49,2021-10-06,31.58,76.95,788,0.0,-1.0,0.0,-8.733176,-13.743034,41.437874,0.315510778,0.959355966,3.16946383,0.520322017,0.088053539,0.228
50,2021-10-06,31.62,76.97,836,12.7512,327.995,5.63279638,-8.614443,-14.236976,41.43788,0.273997563,0.860276568,3.649667498,0.569861716,0.087638372,0.085
51,2021-10-06,31.6,76.97,826,3.37754,303.69,2.114033066,-7.5596895,-14.347305,41.437885,0.209526255,0.692920071,4.772671575,0.653539964,0.106075809,0.272
103,2021-10-06,31.52,76.89,883,4.86769,291.801,2.806517987,-7.1230006,-13.263384,41.441257,0.24319893,0.782494013,4.111860195,0.608752993,0.120562036,0.245
6,2021-10-18,31.6,76.83,1241,14.3266,188.13,9.429399782,-7.956569,-14.575714,40.67802,0.217813854,0.715425772,4.59107619,0.642287114,0.097475173,0.252
23,2021-10-18,31.6,76.91,775,0.0,-1.0,0.0,-7.96623,-14.790774,41.436485,0.207752185,0.688062295,4.813427114,0.655968853,0.09645502,0.29
45,2021-10-18,31.62,76.93,852,20.9211,304.695,9.475113602,-8.445025,-14.715142,41.436485,0.236041464,0.763862608,4.236543792,0.618068696,0.088409828,0.199
68,2021-10-18,31.74,76.89,1085,12.5612,122.8,6.091888961,-8.056587,-14.212744,41.436485,0.242317232,0.780210484,4.126821648,0.609894758,0.097172598,0.096
69,2021-10-18,31.72,76.89,1177,13.4302,86.0548,7.211102551,-7.5328727,-14.547863,41.436474,0.198838725,0.663437778,5.029201426,0.668281111,0.105789727,0.145
70,2021-10-18,31.7,76.89,1067,4.17517,83.6598,2.131480677,-7.441118,-14.146067,41.43648,0.213552716,0.703892673,4.682684524,0.648053663,0.109374694,0.124
72,2021-10-18,31.68,76.91,1001,21.033,117.387,10.28243138,-7.348996,-14.123589,41.43649,0.210155471,0.694639576,4.758381956,0.652680212,0.111406767,0.167
73,2021-10-18,31.66,76.91,964,13.1012,272.045,6.020540971,-8.161251,-14.699053,41.436497,0.221931935,0.726495245,4.505886002,0.636752378,0.093302208,0.222
74,2021-10-18,31.64,76.91,975,23.708,289.113,11.53523855,-7.5917315,-14.513145,41.436485,0.203169565,0.675447819,4.921997061,0.66227609,0.104742682,0.135
76,2021-10-18,31.68,76.93,1069,34.1538,14.5345,17.05184542,-7.302449,-13.432943,41.43649,0.243753354,0.78392827,4.102507654,0.608035865,0.115733575,0.154
77,2021-10-18,31.66,76.93,1125,14.5895,317.545,6.562143582,-7.849369,-14.158409,41.43648,0.233935429,0.758339289,4.274683846,0.620830355,0.1012338,0.165
84,2021-10-18,31.72,76.87,1482,19.156,59.5002,8.125557911,-7.575285,-15.906622,41.436478,0.146847413,0.512177684,6.809789696,0.743911158,0.100218326,0.191
85,2021-10-18,31.7,76.87,1497,13.1027,129.289,6.494061865,-7.169121,-14.92647,41.436485,0.16759656,0.574159142,5.966709583,0.712920429,0.112034224,0.209
94,2021-10-18,31.7,76.85,1754,35.2712,113.629,18.09713162,-6.10044,-12.245066,41.43648,0.242961466,0.781879319,4.115879012,0.60906034,0.152539974,0.194
95,2021-10-18,31.68,76.85,1488,21.7132,31.569,11.12554618,-6.5193768,-13.680825,41.43648,0.192245056,0.644985039,5.201694235,0.67750748,0.132861103,0.174
99,2021-10-18,31.66,76.83,1512,7.94741,132.614,4.540625943,-6.802504,-13.596172,41.269573,0.209234454,0.692122039,4.779327596,0.65393898,0.126249631,0.139
100,2021-10-18,31.64,76.83,1569,21.7768,69.0442,12.68419839,-8.247952,-13.009773,40.678024,0.334054941,1.001622739,2.993519558,0.49918863,0.099850104,0.167
101,2021-10-18,31.62,76.83,1238,6.36943,201.038,2.98142397,-7.12317,-15.330454,40.678032,0.151102483,0.525070478,6.618024948,0.737464761,0.11162642,0.088
102,2021-10-18,31.64,76.82,1678,23.3411,334.654,11.55662388,-6.9051514,-14.990206,40.67803,0.155415575,0.538042168,6.434361543,0.730978916,0.117812964,0.129
53,2021-11-11,31.65,76.98,1244,27.271,219.226,10.7393358,-9.413803,-16.192799,42.16233,0.209942517,0.694057822,4.763208584,0.652971089,0.069239583,0.084
54,2021-11-11,31.64,76.99,1200,21.2313,289.933,10.18834968,-9.436599,-15.993766,42.162346,0.220944553,0.723847951,4.52602241,0.638076024,0.069503399,0.096
78,2021-11-11,31.64,76.93,857,24.1072,216.027,11.60885145,-8.095873,-14.804657,41.433723,0.213364224,0.703380632,4.686821354,0.648309684,0.094053268,0.114
79,2021-11-11,31.68,76.95,822,21.2937,241.294,10.01603652,-6.858489,-14.268302,41.43372,0.181559384,0.61464328,5.507839801,0.69267836,0.121780193,0.069
80,2021-11-11,31.66,76.95,773,9.79746,223.025,5.291502622,-8.562368,-16.27705,41.43372,0.169251217,0.579007195,5.908377016,0.710496402,0.081403117,0.048
81,2021-11-11,31.64,76.95,763,0.428816,270.0,0.314269681,-9.905118,-16.190464,41.433716,0.235215209,0.761697905,4.251425763,0.619151048,0.063124919,0.237
82,2021-11-11,31.66,76.97,978,20.5652,280.081,9.626352719,-8.6985,-14.719581,41.85657,0.249972308,0.799929107,4.000443122,0.600035447,0.084337436,0.064
83,2021-11-11,31.64,76.97,954,25.8602,329.708,11.73787791,-9.621939,-16.710247,41.433727,0.195510101,0.654147885,5.114825245,0.672926058,0.065212275,0.084
25,2021-11-23,31.54,76.91,887,3.43188,265.601,1.422916497,-8.242195,-16.522068,41.436897,0.14859791,0.517493227,6.729569768,0.741253387,0.086083224,0.108
31,2021-11-23,31.52,76.93,1017,19.161,42.1376,8.148316497,-7.621975,-16.184053,41.436897,0.139249037,0.48891518,7.181378216,0.75554241,0.098489782,0.126
38,2021-11-23,31.5,76.95,1189,12.0602,319.635,2.739739557,-8.7203045,-14.678788,41.4369,0.253601402,0.809193102,3.943195867,0.595403449,0.084158701,0.02
43,2021-11-23,31.5,76.97,1285,20.123,59.6973,9.007541422,-9.110619,-15.37815,41.4369,0.236182057,0.764230658,4.2340219,0.617884671,0.075856105,0.08
44,2021-11-23,31.48,76.97,1501,31.5996,295.887,14.70449667,-8.314711,-15.299188,41.436905,0.200240675,0.667335074,4.993990364,0.666332463,0.088464137,0.054
52,2021-11-23,31.58,76.97,895,15.0942,184.268,7.243558228,-9.792148,-15.06044,41.433517,0.297283496,0.916633865,3.363792516,0.541683068,0.068044041,0.103
55,2021-11-23,31.62,76.99,1321,39.0822,178.264,19.30905244,-8.484021,,42.162148,7.053458249,3.503318962,0.141774427,-0.751659481,0.570887213,0.101
56,2021-11-23,31.6,76.99,1206,31.9663,291.523,15.44724195,-9.950579,-11.997046,42.162144,0.624242452,1.537313475,1.601941676,0.231343262,0.082141563,0.066
57,2021-11-23,31.58,76.99,1180,22.5171,342.277,11.61841875,-8.610346,-14.8162155,42.16214,0.239559308,0.7730467,4.174331643,0.61347665,0.085349841,0.026
58,2021-11-23,31.56,76.99,1281,34.3564,284.534,17.24192421,-9.405333,-16.05021,41.612793,0.21652712,0.711951642,4.618359117,0.644024179,0.069752295,0.07
59,2021-11-23,31.54,76.99,1341,22.8166,261.552,10.09339107,-7.19174,-14.089345,41.4369,0.204286421,0.678531012,4.895087959,0.660734494,0.114954452,0.027
60,2021-11-23,31.52,76.99,1634,30.2019,183.601,14.14038957,-8.793359,-13.230787,41.436893,0.359962451,1.058742322,2.77806754,0.470628839,0.089776159,0.031
61,2021-11-23,31.5,76.99,1497,36.9419,198.041,12.59727582,-8.618518,-15.240284,41.4369,0.217682442,0.7150713,4.593847775,0.64246435,0.083685892,0.076
62,2021-11-23,31.48,76.99,1734,18.5275,332.819,7.133644853,-8.467664,-13.652786,41.436893,0.303031517,0.930235418,3.29998678,0.534882291,0.092716819,0.241
63,2021-11-23,31.52,77.01,2186,22.5248,176.035,9.226906441,-8.502523,-15.041871,42.197166,0.221852946,0.726283623,4.507490292,0.636858189,0.08624554,0.135
64,2021-11-23,31.5,77.01,1943,37.6876,206.565,13.42836504,-9.602736,-16.019156,42.197174,0.228222259,0.743260456,4.381693547,0.628369772,0.067293539,0.044
65,2021-11-23,31.48,77.01,1803,6.22818,324.462,2.449489743,-9.202605,-15.577611,42.105297,0.230408979,0.749048432,4.340108633,0.625475784,0.073919496,0.102
66,2021-11-23,31.5,77.03,2396,38.4402,204.734,16.80020576,-7.0261292,-14.728884,42.197178,0.169716677,0.580368496,5.892172869,0.709815752,0.115994599,0.191
67,2021-11-23,31.48,77.03,2233,35.9072,239.37,16.97056275,-7.857936,-14.261665,42.197166,0.228890148,0.74503046,4.368908005,0.62748477,0.100621194,0.036
11,2021-12-17,31.6,76.85,1082,15.3882,350.676,9.368979548,-9.17742,-15.102781,41.43336,0.255542948,0.8141273,3.913236539,0.59293635,0.075868165,0.111
16,2021-12-17,31.6,76.87,870,15.1313,74.8989,6.789607163,-8.759939,-15.956093,41.433357,0.190714889,0.640673568,5.2434291,0.679663216,0.079210707,0.086
20,2021-12-17,31.6,76.89,831,8.61175,97.6961,3.832930736,-7.7639694,-14.718479,41.433372,0.201627163,0.671180444,4.959649205,0.664409778,0.100540908,0.25
75,2021-12-17,31.62,76.91,891,15.3369,164.745,6.584681062,-10.313227,-15.206568,41.433353,0.324090201,0.979057773,3.08556074,0.510471113,0.061597754,0.141
86,2021-12-17,31.68,76.87,1285,24.1803,90.0,12.34783932,-9.374774,-15.214047,41.433353,0.260658985,0.827056288,3.836430191,0.586471856,0.072793102,0.13
87,2021-12-17,31.68,76.89,938,6.05374,186.34,4.991350543,-8.302153,-15.740402,41.433357,0.180374483,0.611244942,5.544021426,0.694377529,0.087251824,0.099
88,2021-12-17,31.66,76.87,1228,20.3249,194.036,8.916623399,-7.0377545,-14.626385,41.43336,0.174235622,0.593528654,5.739354494,0.703235673,0.116131438,0.128
89,2021-12-17,31.66,76.89,915,13.6508,164.055,6.308919807,-8.899928,-15.08175,41.433357,0.240889461,0.776505784,4.151281652,0.611747108,0.07993009,0.173
90,2021-12-17,31.64,76.87,1086,33.5491,64.6871,17.0431551,-8.879922,-13.601175,41.433384,0.337190011,1.008652496,2.965686908,0.495673752,0.086530842,0.086
91,2021-12-17,31.64,76.89,805,6.91042,273.814,3.16227766,-8.979206,-15.4241905,41.43337,0.226726117,0.739288465,4.41060789,0.630355768,0.077588439,0.181
92,2021-12-17,31.62,76.87,1095,24.2676,62.049,11.43850979,-9.38573,-15.243904,41.43336,0.259527032,0.824204722,3.853163166,0.587897639,0.072544501,0.146
93,2021-12-17,31.62,76.89,840,16.5525,57.4074,8.164965809,-8.51235,-16.350742,41.43336,0.164498067,0.565043677,6.079098775,0.717478162,0.082011315,0.136
96,2021-12-17,31.66,76.85,1138,11.5972,202.62,9.178611746,-9.639998,-16.393242,41.433353,0.211191094,0.697465809,4.735048154,0.651267096,0.065793482,0.165
97,2021-12-17,31.64,76.85,1442,20.496,358.727,9.126004088,-9.369171,-14.01328,41.43336,0.34323305,1.0221102,2.913472344,0.4889449,0.077661232,0.255
98,2021-12-17,31.62,76.85,1012,18.5214,186.34,8.403409067,-8.193292,-14.6026745,41.433365,0.22859238,0.744241569,4.374599007,0.627879215,0.093121212,0.116
21,2021-12-29,31.56,76.91,845,0.472541,45.0,0.314269681,-8.76732,-16.10155,41.43708,0.184746832,0.623751259,5.412812707,0.68812437,0.078679857,0.186
22,2021-12-29,31.58,76.91,793,0.0,-1.0,0.0,-8.24922,-16.503578,41.434223,0.149473499,0.520145958,6.69014915,0.739927021,0.086009608,0.199
26,2021-12-29,31.52,76.91,1260,24.9985,75.3581,11.87694104,-10.861173,-16.529785,41.437603,0.271105794,0.853133691,3.688596926,0.573433155,0.0521236,0.089
27,2021-12-29,31.5,76.91,1505,12.0191,101.31,6.0,-7.5983067,-15.044507,41.437607,0.180044546,0.610297456,5.55418102,0.694851272,0.102574105,0.171
28,2021-12-29,31.58,76.93,779,0.71518,341.565,0.471404521,-9.303303,-15.874654,41.43421,0.220224128,0.721913699,4.540828504,0.639043151,0.071627421,0.099
29,2021-12-29,31.56,76.93,794,0.774049,71.565,0.41573971,-10.576027,-16.169722,41.437614,0.275823014,0.864768894,3.625513278,0.567615553,0.055867307,0.244
30,2021-12-29,31.54,76.93,886,23.7798,270.526,10.56315516,-9.870777,-16.454046,41.43761,0.219620613,0.720291576,4.553306654,0.639854212,0.062822767,0.136
32,2021-12-29,31.5,76.93,976,6.67378,39.2894,5.173531879,-8.633598,-14.635278,41.437607,0.251091494,0.802791786,3.982612019,0.598604107,0.08568391,0.086
33,2021-12-29,31.48,76.93,1363,36.4948,307.435,17.02938637,-6.061892,-15.180631,41.43759,0.122497183,0.436516668,8.163453062,0.781741666,0.138984402,0.157
34,2021-12-29,31.46,76.93,1709,33.6896,42.5319,16.97565432,-6.3273525,-12.090102,41.437595,0.265292547,0.838675761,3.769423641,0.58066212,0.14737564,0.04
35,2021-12-29,31.56,76.95,824,3.46793,298.301,1.699673171,-11.035371,-16.461723,41.4376,0.286658484,0.891171939,3.488471667,0.55441403,0.050686954,0.211
36,2021-12-29,31.54,76.95,935,10.5086,3.81407,6.136311676,-9.225592,-16.42336,41.437607,0.190644026,0.640473631,5.245378116,0.679763184,0.071152922,0.177
37,2021-12-29,31.52,76.95,1097,4.73285,327.095,2.282515398,-9.095038,-16.48083,41.437603,0.182566378,0.617526023,5.477459814,0.691236988,0.072826885,0.121
40,2021-12-29,31.56,76.97,863,14.7623,263.853,6.712803319,-9.126316,-16.716566,41.437603,0.174170661,0.593340191,5.74149512,0.703329905,0.071790938,0.067
41,2021-12-29,31.54,76.97,1278,25.2623,272.961,11.77672951,-9.771887,-16.314936,41.437607,0.221663966,0.72577721,4.511333152,0.637111395,0.064377346,0.146
42,2021-12-29,31.52,76.97,1247,20.8168,320.194,8.719213919,-10.268363,-16.527021,41.437603,0.23666509,0.765494527,4.225380269,0.617252736,0.058128057,0.134
46,2021-12-29,31.6,76.93,768,0.0,-1.0,0.0,-10.108857,-17.32182,41.434216,0.18997817,0.638593799,5.263762673,0.680703101,0.058026089,0.186
47,2021-12-29,31.62,76.95,766,0.0,-1.0,0.0,-9.273207,-16.01132,41.43422,0.211928176,0.699474375,4.718579755,0.650262812,0.071635152,0.102
48,2021-12-29,31.6,76.95,814,3.03912,122.471,1.369869778,-10.675107,-17.35231,41.434223,0.214921419,0.707605993,4.652863372,0.646197003,0.052000497,0.268
49,2021-12-29,31.58,76.95,788,0.0,-1.0,0.0,-10.6723995,-16.522696,41.43422,0.259998205,0.825392303,3.846180397,0.587303848,0.053963484,0.245
50,2021-12-29,31.62,76.97,836,12.7512,327.995,5.63279638,-9.77824,-16.103691,41.43422,0.233053109,0.756019694,4.290867461,0.621990153,0.064882532,0.074
51,2021-12-29,31.6,76.97,826,3.37754,303.69,2.114033066,-9.017228,-16.965471,41.43422,0.160389414,0.552881341,6.234825457,0.72355933,0.072753009,0.207
103,2021-12-29,31.52,76.89,883,4.86769,291.801,2.806517987,-8.34639,-15.034195,41.437607,0.214397393,0.706185287,4.664235821,0.646907356,0.088857038,0.214
6,2022-01-10,31.6,76.83,1241,14.3266,188.13,9.429399782,-7.4027915,-14.531237,40.674976,0.19371152,0.649106646,5.162315579,0.675446677,0.108540106,0.188
45,2022-01-10,31.62,76.93,852,20.9211,304.695,9.475113602,-7.655101,-14.537569,41.433456,0.204999688,0.680497066,4.878056206,0.659751467,0.103382454,0.236
68,2022-01-10,31.74,76.89,1085,12.5612,122.8,6.091888961,-7.7548385,-14.90418,41.433468,0.19278172,0.646494548,5.187213817,0.676752726,0.100010852,0.27
69,2022-01-10,31.72,76.89,1177,13.4302,86.0548,7.211102551,-7.893544,-14.656836,41.433456,0.210703039,0.696134502,4.746016022,0.651932749,0.098322573,0.247
70,2022-01-10,31.7,76.89,1067,4.17517,83.6598,2.131480677,-7.123101,-14.242743,41.433464,0.194104588,0.650209671,5.151861747,0.674895165,0.115798323,0.164
72,2022-01-10,31.68,76.91,1001,21.033,117.387,10.28243138,-7.2942142,-13.8148155,41.433456,0.222812663,0.72885298,4.48807525,0.63557351,0.114000961,0.311
73,2022-01-10,31.66,76.91,964,13.1012,272.045,6.020540971,-7.9287477,-15.273868,41.433456,0.184284144,0.622432193,5.426402823,0.688783904,0.095400609,0.291
74,2022-01-10,31.64,76.91,975,23.708,289.113,11.53523855,-6.724136,-14.8347,41.43346,0.154505378,0.535312804,6.472266629,0.732343598,0.122730461,0.221
76,2022-01-10,31.68,76.93,1069,34.1538,14.5345,17.05184542,-7.8367496,-13.951292,41.433464,0.244650304,0.786245914,4.087466817,0.606877043,0.102410007,0.272
77,2022-01-10,31.66,76.93,1125,14.5895,317.545,6.562143582,-6.9826274,-14.619636,41.43346,0.1723055,0.587920128,5.803645275,0.706039936,0.11742162,0.221
84,2022-01-10,31.72,76.87,1482,19.156,59.5002,8.125557911,-8.100523,-15.919186,41.43347,0.165247044,0.567251537,6.051545458,0.716374231,0.090226833,0.195
85,2022-01-10,31.7,76.87,1497,13.1027,129.289,6.494061865,-7.1873446,-15.165706,41.43345,0.159280958,0.549585352,6.278214361,0.725207324,0.110770533,0.261
94,2022-01-10,31.7,76.85,1754,35.2712,113.629,18.09713162,-5.276722,-11.68079,41.43346,0.228872282,0.744983138,4.369249045,0.627508431,0.182307507,0.263
95,2022-01-10,31.68,76.85,1488,21.7132,31.569,11.12554618,-6.7510834,-14.0297165,41.433464,0.187127101,0.630520863,5.343961369,0.684739568,0.125417715,0.228
99,2022-01-10,31.66,76.83,1512,7.94741,132.614,4.540625943,-6.365179,-13.884593,41.33369,0.177034782,0.601629738,5.648607522,0.699185131,0.135906867,0.256
100,2022-01-10,31.64,76.83,1569,21.7768,69.0442,12.68419839,-7.2551517,-13.700813,40.67497,0.226690787,0.739194553,4.411295288,0.630402724,0.115395783,0.213
101,2022-01-10,31.62,76.83,1238,6.36943,201.038,2.98142397,-6.577427,-14.258717,40.674965,0.17055757,0.582825055,5.86312293,0.708587472,0.128712309,0.205
102,2022-01-10,31.64,76.82,1678,23.3411,334.654,11.55662388,-6.8776455,-15.310724,40.674973,0.143447225,0.501806193,6.971204934,0.749096904,0.117333379,0.336
25,2022-02-15,31.54,76.91,887,3.43188,265.601,1.422916497,-7.7199116,-14.99095,41.438206,0.187454625,0.631450233,5.334624313,0.684274883,0.100368138,0.142
31,2022-02-15,31.52,76.93,1017,19.161,42.1376,8.148316497,-7.4363155,-15.528465,41.438198,0.155161886,0.537281875,6.4448817,0.731359062,0.104227256,0.124
38,2022-02-15,31.5,76.95,1189,12.0602,319.635,2.739739557,-8.546157,-14.589934,41.43821,0.248669373,0.796589966,4.021403948,0.601705017,0.087257299,0.145
43,2022-02-15,31.5,76.97,1285,20.123,59.6973,9.007541422,-8.455671,-15.74905,41.438206,0.186492813,0.628719571,5.362136928,0.685640215,0.084658002,0.198
44,2022-02-15,31.48,76.97,1501,31.5996,295.887,14.70449667,-7.8122,-15.657841,41.438206,0.164223725,0.564234251,6.089254139,0.717882874,0.096335521,0.102
52,2022-02-15,31.58,76.97,895,15.0942,184.268,7.243558228,-8.890872,-15.563213,41.43483,0.215162162,0.708258268,4.647657328,0.645870866,0.07843629,0.206
55,2022-02-15,31.62,76.99,1321,39.0822,178.264,19.30905244,-5.5664973,-13.375836,42.16345,0.165602211,0.568297517,6.038566731,0.715851241,0.161759813,0.11
56,2022-02-15,31.6,76.99,1206,31.9663,291.523,15.44724195,-7.370039,-13.755851,42.163445,0.229836394,0.747534861,4.350921022,0.62623257,0.112671336,0.076
57,2022-02-15,31.58,76.99,1180,22.5171,342.277,11.61841875,-9.269935,-15.6927395,42.163445,0.227886999,0.742371243,4.388139748,0.628814379,0.072633154,0.088
58,2022-02-15,31.56,76.99,1281,34.3564,284.534,17.24192421,-9.375218,-16.775764,41.5185,0.18194721,0.615754099,5.496099671,0.69212295,0.068241142,0.255
59,2022-02-15,31.54,76.99,1341,22.8166,261.552,10.09339107,-7.197525,-13.617749,41.438213,0.228022446,0.742730548,4.385533169,0.628634726,0.117064121,0.091
60,2022-02-15,31.52,76.99,1634,30.2019,183.601,14.14038957,-9.408546,-13.544469,41.438217,0.385840401,1.11366475,2.591745183,0.443167625,0.079401485,0.257
61,2022-02-15,31.5,76.99,1497,36.9419,198.041,12.59727582,-8.218232,-14.681554,41.438213,0.225770815,0.736747235,4.42927046,0.631626382,0.092375347,0.292
62,2022-02-15,31.48,76.99,1734,18.5275,332.819,7.133644853,-9.000289,-14.286946,41.43821,0.296029029,0.913649377,3.378047095,0.543175312,0.081574765,0.145
63,2022-02-15,31.52,77.01,2186,22.5248,176.035,9.226906441,-9.093108,-14.180031,42.198467,0.309961462,0.946475055,3.226207526,0.526762473,0.080708212,0.336
64,2022-02-15,31.5,77.01,1943,37.6876,206.565,13.42836504,-8.501823,-16.002743,42.198467,0.177790274,0.603809619,5.62460463,0.69809519,0.083148739,0.13
65,2022-02-15,31.48,77.01,1803,6.22818,324.462,2.449489743,-7.8851886,-15.8633375,42.097713,0.159288752,0.549608549,6.277907176,0.725195726,0.094328465,0.295
66,2022-02-15,31.5,77.03,2396,38.4402,204.734,16.80020576,-6.6414332,-14.308817,42.198463,0.171104574,0.584421163,5.844379113,0.707789419,0.126888529,0.261
67,2022-02-15,31.48,77.03,2233,35.9072,239.37,16.97056275,-5.5314436,-15.521862,42.198463,0.100220868,0.364366359,9.97796187,0.81781682,0.15392371,0.222
